Index,0:代号,1:TerritoryType,2:内容类型ID,3:内容ID,9:队伍类型ID,15:最低等级,16:最高等级,17:最低装等,18:最高装等,19:解除人数限制,25:可中途加入,26:高级随机目标,34:名称,35:类型ID,39:副本图标
0,,0,0,0,0,0,0,0,0,FALSE,FALSE,FALSE,,0,0
1,f1r1,169,1,1,2,24,27,0,0,TRUE,TRUE,FALSE,监狱废墟托托·拉克千狱,2,112005
2,f1d1,164,1,2,2,16,19,0,0,TRUE,TRUE,FALSE,地下灵殿塔姆·塔拉墓园,2,112002
3,w1d1,161,1,3,2,17,20,0,0,TRUE,TRUE,FALSE,封锁坑道铜铃铜山,2,112003
4,s1d1,157,1,4,2,15,18,0,0,TRUE,TRUE,FALSE,天然要害沙斯塔夏溶洞,2,112001
5,r1r2,172,1,5,2,47,49,0,0,TRUE,TRUE,FALSE,毒雾洞窟黄金谷,2,112014
6,f1d2,166,1,6,2,28,31,0,0,TRUE,TRUE,FALSE,名门府邸静语庄园,2,112006
7,w1d2,162,1,7,2,20,23,0,0,TRUE,TRUE,FALSE,魔兽领域日影地修炼所,2,112004
8,s1d2,158,1,8,2,32,34,0,0,TRUE,TRUE,FALSE,休养胜地布雷福洛克斯野营地,2,112007
9,w1d3,163,1,9,2,35,37,0,0,TRUE,TRUE,FALSE,古代遗迹喀恩埋没圣堂,2,112009
10,s1d3,159,1,10,2,50,50,45,110,TRUE,TRUE,FALSE,神灵圣域放浪神古神殿,2,112010
11,r1d1,168,1,11,2,41,43,0,0,TRUE,TRUE,FALSE,对龙城塞石卫塔,2,112012
12,w1r1,170,1,12,2,38,40,0,0,TRUE,TRUE,FALSE,流沙迷宫樵鸣洞,2,112011
13,r1r1,171,1,13,2,44,46,0,0,TRUE,TRUE,FALSE,山中战线泽梅尔要塞,2,112013
14,f1d3,167,1,14,2,50,50,45,110,TRUE,TRUE,FALSE,邪教驻地无限城古堡,2,112015
15,w1d4,217,1,15,3,50,50,42,0,TRUE,TRUE,FALSE,帝国南方堡外围激战,2,112016
16,w1d5,224,1,16,3,50,50,42,0,TRUE,TRUE,FALSE,天幕魔导城最终决战,2,112017
17,s1d4,160,1,17,2,50,50,48,110,TRUE,TRUE,FALSE,领航明灯天狼星灯塔,2,112027
18,w1d6,349,1,18,2,50,50,48,110,TRUE,TRUE,FALSE,骚乱坑道铜铃铜山,2,112025
19,f1d4,350,1,19,2,50,50,48,110,TRUE,TRUE,FALSE,恶灵府邸静语庄园,2,112026
20,s1d6,362,1,20,2,50,50,55,110,TRUE,TRUE,FALSE,纷争要地布雷福洛克斯野营地,2,112048
21,w1d7,360,1,21,2,50,50,55,110,TRUE,TRUE,FALSE,剑斗领域日影地修炼所,2,112049
22,f1d5,363,1,22,2,50,50,55,110,TRUE,TRUE,FALSE,腐坏遗迹无限城市街古迹,2,112042
23,s1d5,361,1,23,2,50,50,70,110,TRUE,TRUE,FALSE,财宝传说破舰岛,2,112058
24,f1d6,373,1,24,2,50,50,70,110,TRUE,TRUE,FALSE,惨剧灵殿塔姆·塔拉墓园,2,112059
25,r1d2,365,1,25,2,50,50,70,110,TRUE,TRUE,FALSE,激战城塞石卫塔,2,112060
26,w1d8,367,1,26,2,50,50,80,0,TRUE,TRUE,FALSE,苏醒遗迹喀恩埋没圣堂,2,112068
27,r1d3,371,1,27,2,50,50,80,0,TRUE,TRUE,FALSE,凛冽洞天披雪大冰壁,2,112066
28,s1d7,387,1,28,2,50,50,80,0,TRUE,TRUE,FALSE,逆转要害沙斯塔夏溶洞,2,112067
29,f1d7,189,1,29,2,50,50,90,0,TRUE,TRUE,FALSE,邪念妖地无限城古堡,2,112077
30,s1d8,188,1,30,2,50,50,90,0,TRUE,TRUE,FALSE,武装圣域放浪神古神殿,2,112078
31,d2d3,416,1,31,2,59,60,0,150,TRUE,TRUE,FALSE,学识宝库迦巴勒幻想图书馆,2,112091
32,l1d1,150,1,32,2,50,50,90,0,TRUE,TRUE,FALSE,幻龙残骸密约之塔,2,112076
33,a2d2,420,1,33,2,60,60,145,210,TRUE,TRUE,FALSE,空中神域不获岛,2,112093
34,r2d2,421,1,34,2,57,58,0,0,TRUE,TRUE,FALSE,圣教中枢伊修加德教皇厅,2,112090
35,a2d3,430,1,35,2,60,60,145,210,TRUE,TRUE,FALSE,博物战舰无限回廊,2,112094
36,r2d1,434,1,36,2,51,52,0,0,TRUE,TRUE,FALSE,冰雪废堡暮卫塔,2,112087
37,d2d1,441,1,37,2,53,54,0,0,TRUE,TRUE,FALSE,天山绝顶索姆阿尔灵峰,2,112088
38,a2d1,438,1,38,2,60,60,142,180,TRUE,TRUE,FALSE,血战苍穹魔科学研究所,2,112092
39,d2d2,435,1,39,2,55,56,0,0,TRUE,TRUE,FALSE,邪龙王座龙巢神殿,2,112089
40,s1d9,510,1,40,2,60,60,170,240,TRUE,TRUE,FALSE,地脉灵灯天狼星灯塔,2,112117
41,d2d4,511,1,41,2,60,60,170,240,TRUE,TRUE,FALSE,草木庭园圣茉夏娜植物园,2,112116
42,go001,214,1,10001,2,10,11,0,0,FALSE,TRUE,FALSE,完成集团战训练！,3,111006
43,go002,190,1,10002,2,10,11,0,0,FALSE,TRUE,FALSE,讨伐彷徨死灵！,3,111001
44,go003,215,1,10003,2,15,16,0,0,FALSE,TRUE,FALSE,突破所有关门，讨伐最深处的敌人！,3,111007
45,go004,216,1,10004,2,15,16,0,0,FALSE,TRUE,FALSE,捕获金币龟！,3,111008
46,go005,191,1,10005,2,20,21,0,0,FALSE,TRUE,FALSE,驱除剧毒妖花！,3,111002
47,go006,192,1,10006,2,20,21,0,0,FALSE,TRUE,FALSE,消灭恶徒团伙寄生蜂团！,3,111003
48,go007,220,1,10007,2,25,26,0,0,FALSE,TRUE,FALSE,讨伐梦幻之布拉奇希奥！,3,111005
49,go008,219,1,10008,2,25,26,0,0,FALSE,TRUE,FALSE,击溃哥布林炸弹军团！,3,111004
50,go009,221,1,10009,2,30,31,0,0,FALSE,TRUE,FALSE,讨伐污染源头魔界花！,3,111009
51,go010,222,1,10010,2,30,31,0,0,FALSE,TRUE,FALSE,讨伐坑道中出现的妖异！,3,111010
52,go011,223,1,10011,2,35,36,0,0,FALSE,TRUE,FALSE,注意无敌的眷属，讨伐大型妖异！,3,111011
53,go012,298,1,10012,2,35,36,0,0,FALSE,TRUE,FALSE,讨伐爆弹怪的女王！,3,111012
54,go013,299,1,10013,2,40,41,0,0,FALSE,TRUE,FALSE,歼灭特殊阵型的妖异！,3,111013
55,go014,300,1,10014,3,40,41,0,0,FALSE,TRUE,FALSE,制止三方混战的巨人族，守住遗物！,3,111014
56,w1fa,202,1,20001,2,20,22,0,0,TRUE,TRUE,FALSE,伊弗利特讨伐战,4,112008
57,s1fa,206,1,20002,2,34,36,0,0,TRUE,TRUE,FALSE,泰坦讨伐战,4,112018
58,r1fa,208,1,20003,2,44,46,0,0,TRUE,TRUE,FALSE,迦楼罗讨伐战,4,112019
59,w1fa_2,292,1,20004,3,50,50,49,0,TRUE,TRUE,FALSE,伊弗利特歼灭战,4,112021
60,s1fa_2,293,1,20005,3,50,50,57,0,TRUE,TRUE,FALSE,泰坦歼灭战,4,112022
61,r1fa_2,294,1,20006,3,50,50,52,0,TRUE,TRUE,FALSE,迦楼罗歼灭战,4,112023
62,w1f1_battle,332,1,20007,3,49,50,0,0,TRUE,TRUE,FALSE,里塔提恩强攻战,4,112020
63,w1fa_3,295,1,20008,3,50,50,70,0,TRUE,TRUE,FALSE,伊弗利特歼殛战,4,112028
64,s1fa_3,296,1,20009,3,50,50,67,0,TRUE,TRUE,FALSE,泰坦歼殛战,4,112029
65,r1fa_3,297,1,20010,3,50,50,65,0,TRUE,TRUE,FALSE,迦楼罗歼殛战,4,112030
66,f1fa,207,1,20011,3,50,50,54,0,TRUE,TRUE,FALSE,莫古力贤王歼灭战,4,112031
67,f1fa_2,364,1,20012,3,50,50,80,0,TRUE,TRUE,FALSE,莫古力贤王歼殛战,4,112050
68,w1fb,348,1,20013,3,50,50,61,0,TRUE,TRUE,FALSE,究极神兵破坏作战,4,112032
69,z1z4,509,1,20014,2,50,50,0,0,TRUE,TRUE,FALSE,活动挑战1,4,112018
70,z1z1,353,1,20015,3,70,70,0,0,TRUE,TRUE,FALSE,活动挑战2,4,112320
71,z1z2,354,1,20016,3,73,74,0,0,TRUE,TRUE,FALSE,活动挑战3,4,112358
72,o1fa,281,1,20017,3,50,50,60,0,TRUE,TRUE,FALSE,利维亚桑歼灭战,4,112051
73,o1fa_2,359,1,20018,3,50,50,80,0,TRUE,TRUE,FALSE,利维亚桑歼殛战,4,112052
74,r1f1_battle,368,1,20019,3,50,50,52,0,TRUE,TRUE,FALSE,死化奇美拉讨伐战,4,112053
75,w1d2_battle,369,1,20020,3,50,50,52,0,TRUE,TRUE,FALSE,海德拉讨伐战,4,112055
76,r1fb,366,1,20021,3,50,50,50,0,TRUE,TRUE,FALSE,大桥上的决斗,4,112054
77,f1fb,374,1,20022,3,50,50,65,0,TRUE,TRUE,FALSE,拉姆歼灭战,4,112062
78,f1fb_2,375,1,20023,3,50,50,85,0,TRUE,TRUE,FALSE,拉姆歼殛战,4,112063
79,r1fc,377,1,20024,3,50,50,80,0,TRUE,TRUE,FALSE,希瓦歼灭战,4,112073
80,r1fc_2,378,1,20025,3,50,50,95,0,TRUE,TRUE,FALSE,希瓦歼殛战,4,112074
81,w1d7_battle,142,1,20026,3,50,50,80,0,TRUE,TRUE,FALSE,艾玛吉娜杯斗技大会决赛,4,112075
82,f1f3_battle,394,1,20027,3,50,50,95,0,TRUE,TRUE,FALSE,奥丁歼灭战,4,112065
83,r1fd,143,1,20028,3,50,50,90,0,TRUE,TRUE,FALSE,皇都伊修加德保卫战,4,112082
84,z1e9,426,1,20029,3,50,50,90,0,TRUE,TRUE,FALSE,那布里亚勒斯讨伐战,4,112081
85,f1d3_battle,396,1,20030,3,50,50,90,0,TRUE,TRUE,FALSE,无限城的死斗,4,112080
86,d2fa,432,1,20031,3,53,54,0,0,TRUE,TRUE,FALSE,罗波那歼灭战,4,112103
87,d2fa_2,446,1,20032,3,60,60,175,0,TRUE,TRUE,FALSE,罗波那歼殛战,4,112107
88,a2fa,436,1,20033,3,57,58,0,0,TRUE,TRUE,FALSE,俾斯麦歼灭战,4,112104
89,a2fa_2,447,1,20034,3,60,60,165,0,TRUE,TRUE,FALSE,俾斯麦歼殛战,4,112105
90,a2fb,437,1,20035,3,60,60,142,0,TRUE,TRUE,FALSE,圆桌骑士歼灭战,4,112106
91,a2fb_2,448,1,20036,3,60,60,190,0,TRUE,TRUE,FALSE,圆桌骑士幻想歼灭战,4,112122
92,l1r1,174,1,30001,4,50,50,50,0,TRUE,TRUE,FALSE,水晶塔 古代人迷宫,5,112033
93,s1b1,241,1,30002,3,50,50,70,0,TRUE,TRUE,FALSE,巴哈姆特大迷宫 邂逅之章1,5,112043
94,s1b2,242,1,30003,3,50,50,73,0,TRUE,TRUE,FALSE,巴哈姆特大迷宫 邂逅之章2,5,112044
95,s1b3,243,1,30004,3,50,50,70,0,TRUE,TRUE,FALSE,巴哈姆特大迷宫 邂逅之章3,5,112045
96,s1b4,244,1,30005,3,50,50,77,0,TRUE,TRUE,FALSE,巴哈姆特大迷宫 邂逅之章4,5,112046
97,s1b5,245,1,30006,3,50,50,82,0,TRUE,TRUE,FALSE,巴哈姆特大迷宫 邂逅之章5,5,112047
98,f1b1,355,1,30007,3,50,50,90,0,TRUE,TRUE,FALSE,巴哈姆特大迷宫 入侵之章1,5,112038
99,f1b2,356,1,30008,3,50,50,95,0,TRUE,TRUE,FALSE,巴哈姆特大迷宫 入侵之章2,5,112039
100,f1b3,357,1,30009,3,50,50,100,0,TRUE,TRUE,FALSE,巴哈姆特大迷宫 入侵之章3,5,112040
101,f1b4,358,1,30010,3,50,50,105,0,TRUE,TRUE,FALSE,巴哈姆特大迷宫 入侵之章4,5,112041
102,l1r2,372,1,30011,4,50,50,70,0,TRUE,TRUE,FALSE,水晶塔 希尔科斯塔,5,112061
103,f1b1_2,380,1,30012,3,50,50,105,0,TRUE,TRUE,FALSE,巴哈姆特零式大迷宫 入侵之章1,5,112038
104,f1b2_2,381,1,30013,3,50,50,105,0,TRUE,TRUE,FALSE,巴哈姆特零式大迷宫 入侵之章2,5,112039
105,f1b3_2,382,1,30014,3,50,50,105,0,TRUE,TRUE,FALSE,巴哈姆特零式大迷宫 入侵之章3,5,112040
106,f1b4_2,383,1,30015,3,50,50,105,0,TRUE,TRUE,FALSE,巴哈姆特零式大迷宫 入侵之章4,5,112041
107,w1b1,193,1,30016,3,50,50,110,0,TRUE,TRUE,FALSE,巴哈姆特大迷宫 真源之章1,5,112069
108,w1b2,194,1,30017,3,50,50,115,0,TRUE,TRUE,FALSE,巴哈姆特大迷宫 真源之章2,5,112070
109,w1b3,195,1,30018,3,50,50,120,0,TRUE,TRUE,FALSE,巴哈姆特大迷宫 真源之章3,5,112071
110,w1b4,196,1,30019,3,50,50,123,0,TRUE,TRUE,FALSE,巴哈姆特大迷宫 真源之章4,5,112072
111,l1r3,151,1,30020,4,50,50,90,0,TRUE,TRUE,FALSE,水晶塔 暗之世界,5,112079
112,d2a1,442,1,30021,3,60,60,170,0,TRUE,TRUE,FALSE,亚历山大机神城 启动之章1,5,112095
113,d2a2,443,1,30022,3,60,60,170,0,TRUE,TRUE,FALSE,亚历山大机神城 启动之章2,5,112096
114,d2a3,444,1,30023,3,60,60,170,0,TRUE,TRUE,FALSE,亚历山大机神城 启动之章3,5,112097
115,d2a4,445,1,30024,3,60,60,170,0,TRUE,TRUE,FALSE,亚历山大机神城 启动之章4,5,112098
116,d2a1_2,449,1,30025,3,60,60,190,0,TRUE,TRUE,FALSE,亚历山大零式机神城 启动之章1,5,112099
117,d2a2_2,450,1,30026,3,60,60,195,0,TRUE,TRUE,FALSE,亚历山大零式机神城 启动之章2,5,112100
118,d2a3_2,451,1,30027,3,60,60,200,0,TRUE,TRUE,FALSE,亚历山大零式机神城 启动之章3,5,112101
119,d2a4_2,452,1,30028,3,60,60,205,0,TRUE,TRUE,FALSE,亚历山大零式机神城 启动之章4,5,112102
120,z2r1,508,1,30029,4,60,60,175,0,TRUE,TRUE,FALSE,魔航船虚无方舟,5,112118
121,,0,0,0,0,0,0,0,0,FALSE,FALSE,FALSE,,0,0
122,,0,0,0,0,0,0,0,0,FALSE,FALSE,FALSE,,0,0
123,,0,0,0,0,0,0,0,0,FALSE,FALSE,FALSE,,0,0
124,,0,0,0,0,0,0,0,0,FALSE,FALSE,FALSE,,0,0
125,,0,0,0,0,0,0,0,0,FALSE,FALSE,FALSE,,0,0
126,,0,0,0,0,0,0,0,0,FALSE,FALSE,FALSE,,0,0
127,l1p1,376,1,50001,7,30,0,0,0,FALSE,TRUE,FALSE,周边遗迹群 (阵地战),6,112064
128,,0,0,0,0,0,0,0,0,FALSE,FALSE,FALSE,,0,0
129,,0,0,0,0,0,0,0,0,FALSE,FALSE,FALSE,,0,0
130,s2p1,431,1,50004,7,30,0,0,0,FALSE,TRUE,FALSE,尘封秘岩 (争夺战),6,112108
131,a2fc,512,2,1,16,60,0,179,0,TRUE,FALSE,FALSE,云冠群岛白昼探索,23,112119
132,a2fc_2,514,2,2,16,60,0,179,0,TRUE,FALSE,FALSE,云冠群岛黄昏探索,23,112120
133,a2fc_3,515,2,3,16,60,0,179,0,TRUE,FALSE,FALSE,云冠群岛夜晚探索,23,112121
134,a2fd,517,1,20037,3,60,60,190,0,TRUE,TRUE,FALSE,萨菲洛特歼灭战,4,112126
135,a2fd_2,524,1,20038,3,60,60,205,0,TRUE,TRUE,FALSE,萨菲洛特歼殛战,4,112127
136,d2a5,520,1,30030,3,60,60,200,0,TRUE,TRUE,FALSE,亚历山大机神城 律动之章1,5,112128
137,d2a6,521,1,30031,3,60,60,200,0,TRUE,TRUE,FALSE,亚历山大机神城 律动之章2,5,112129
138,d2a7,522,1,30032,3,60,60,200,0,TRUE,TRUE,FALSE,亚历山大机神城 律动之章3,5,112130
139,d2a8,523,1,30033,3,60,60,200,0,TRUE,TRUE,FALSE,亚历山大机神城 律动之章4,5,112131
140,f1d8,519,1,42,2,60,60,180,0,TRUE,TRUE,FALSE,神圣遗迹无限城市街古迹,2,112124
141,d2d5,516,1,43,2,60,60,180,0,TRUE,TRUE,FALSE,星海空间颠倒塔,2,112125
142,,0,0,0,0,0,0,0,0,FALSE,FALSE,FALSE,,0,0
143,s1p5_1,525,1,40008,6,30,0,0,0,FALSE,FALSE,FALSE,群狼盛宴 (4对4 / 练习赛),6,112223
144,,0,0,0,0,0,0,0,0,FALSE,FALSE,FALSE,,0,0
145,s1p5_3,527,1,40010,6,30,0,0,0,FALSE,FALSE,FALSE,群狼盛宴 (4对4 / 段位赛),6,112218
146,,0,0,0,0,0,0,0,0,FALSE,FALSE,FALSE,,0,0
147,d2a5_2,529,1,30034,3,60,60,215,0,TRUE,TRUE,FALSE,亚历山大零式机神城 律动之章1,5,112132
148,d2a6_2,530,1,30035,3,60,60,220,0,TRUE,TRUE,FALSE,亚历山大零式机神城 律动之章2,5,112133
149,d2a7_2,531,1,30036,3,60,60,225,0,TRUE,TRUE,FALSE,亚历山大零式机神城 律动之章3,5,112134
150,d2a8_2,532,1,30037,3,60,60,225,0,TRUE,TRUE,FALSE,亚历山大零式机神城 律动之章4,5,112135
151,s1p2_begin01,537,1,15001,1,15,15,0,5,FALSE,FALSE,FALSE,躲避范围攻击,20,112141
152,s1p2_begin02,538,1,15002,1,15,15,0,5,FALSE,FALSE,FALSE,掌握仇恨连击,20,112141
153,s1p2_begin03,539,1,15003,1,15,15,0,5,FALSE,FALSE,FALSE,控制敌人的仇恨,20,112141
154,s1p2_begin04,540,1,15004,1,15,15,0,5,FALSE,FALSE,FALSE,控制多个敌人的仇恨,20,112141
155,s1p2_begin05,541,1,15005,1,15,15,0,5,FALSE,FALSE,FALSE,实战控制多个敌人的仇恨,20,112141
156,s1p2_begin06,542,1,15006,1,15,15,0,5,FALSE,FALSE,FALSE,控制远处敌人的仇恨,20,112141
157,s1p2_begin07,543,1,15007,1,15,15,0,5,FALSE,FALSE,FALSE,留心增援的敌人,20,112141
158,s1p2_begin08,544,1,15008,1,15,15,0,5,FALSE,FALSE,FALSE,配合防护职业打倒单个敌人,20,112141
159,s1p2_begin09,545,1,15009,1,15,15,0,5,FALSE,FALSE,FALSE,配合防护职业打倒多个敌人,20,112141
160,s1p2_begin10,546,1,15010,1,15,15,0,5,FALSE,FALSE,FALSE,躲避范围攻击的同时进行战斗,20,112141
161,s1p2_begin11,547,1,15011,1,15,15,0,5,FALSE,FALSE,FALSE,打倒增援的敌人,20,112141
162,s1p2_begin12,548,1,15012,1,15,15,0,5,FALSE,FALSE,FALSE,灵活运用场地机关,20,112141
163,s1p2_begin13,549,1,15013,1,15,15,0,5,FALSE,FALSE,FALSE,治疗防护职业,20,112141
164,s1p2_begin14,550,1,15014,1,15,15,0,5,FALSE,FALSE,FALSE,治疗小队队员,20,112141
165,s1p2_begin15,551,1,15015,1,15,15,0,5,FALSE,FALSE,FALSE,躲避范围攻击的同时进行战斗,20,112141
166,s1f4_begin16,552,1,15016,1,15,15,0,5,FALSE,FALSE,FALSE,最终训练,20,112141
167,ec001,533,1,5001,1,1,60,0,0,FALSE,FALSE,FALSE,四国联合军演,7,112145
168,z2r2,556,1,30038,4,60,60,205,0,TRUE,TRUE,FALSE,禁忌城邦玛哈,5,112162
169,r1fe,559,1,20039,3,60,60,205,0,TRUE,TRUE,FALSE,尼德霍格征龙战,4,112160
170,r1fe_2,566,1,20040,3,60,60,220,0,TRUE,TRUE,FALSE,尼德霍格传奇征龙战,4,112161
171,d2d6,555,1,44,2,60,60,200,0,TRUE,TRUE,FALSE,天龙宫殿忆罪宫,2,112163
172,s1da,557,1,45,2,60,60,200,0,TRUE,TRUE,FALSE,黑涡传说破舰岛,2,112164
173,ec002,560,1,5002,1,1,60,0,0,FALSE,FALSE,FALSE,雷古拉·范·休著斯追击战,7,0
174,f1c1_dd001,561,1,60001,11,1,0,0,0,TRUE,FALSE,FALSE,死者宫殿 地下1～10层,21,112166
175,f1c2_dd002,562,1,60002,11,1,0,0,0,TRUE,FALSE,FALSE,死者宫殿 地下11～20层,21,112167
176,f1c3_dd003,563,1,60003,11,1,0,0,0,TRUE,FALSE,FALSE,死者宫殿 地下21～30层,21,112168
177,f1c4_dd004,564,1,60004,11,1,0,0,0,TRUE,FALSE,FALSE,死者宫殿 地下31～40层,21,112169
178,f1c4_dd005,565,1,60005,11,1,0,0,0,TRUE,FALSE,FALSE,死者宫殿 地下41～50层,21,112170
179,w1c1,558,1,55001,3,1,60,0,180,TRUE,FALSE,FALSE,水城宝物库,9,0
180,r2p1,554,1,50005,7,30,0,0,0,FALSE,TRUE,FALSE,荣誉野 (碎冰战),6,112165
181,f1d9,571,1,25001,11,1,1,0,0,FALSE,FALSE,FALSE,亡灵府邸闹鬼庄园,22,112196
182,r2d3,572,1,46,2,60,60,210,0,TRUE,TRUE,FALSE,险峻峡谷塞尔法特尔溪谷,2,112186
183,a2fe,576,1,20041,3,60,60,220,0,TRUE,TRUE,FALSE,索菲娅歼灭战,4,112201
184,a2fe_2,577,1,20042,3,60,60,235,0,TRUE,TRUE,FALSE,索菲娅歼殛战,4,112202
185,,0,0,0,0,0,0,0,0,FALSE,FALSE,FALSE,,0,0
186,d2a9,580,1,30039,3,60,60,230,0,TRUE,TRUE,FALSE,亚历山大机神城 天动之章1,5,112188
187,d2aa,581,1,30040,3,60,60,230,0,TRUE,TRUE,FALSE,亚历山大机神城 天动之章2,5,112189
188,d2ab,582,1,30041,3,60,60,230,0,TRUE,TRUE,FALSE,亚历山大机神城 天动之章3,5,112190
189,d2ac,583,1,30042,3,60,60,230,0,TRUE,TRUE,FALSE,亚历山大机神城 天动之章4,5,112191
190,d2a9_2,584,1,30043,3,60,60,245,0,TRUE,TRUE,FALSE,亚历山大零式机神城 天动之章1,5,112192
191,d2aa_2,585,1,30044,3,60,60,250,0,TRUE,TRUE,FALSE,亚历山大零式机神城 天动之章2,5,112193
192,d2ab_2,586,1,30045,3,60,60,255,0,TRUE,TRUE,FALSE,亚历山大零式机神城 天动之章3,5,112194
193,d2ac_2,587,1,30046,3,60,60,255,0,TRUE,TRUE,FALSE,亚历山大零式机神城 天动之章4,5,112195
194,ec003,592,1,5003,1,1,60,0,0,FALSE,FALSE,FALSE,交缠的宿命,7,0
195,w1ee,579,3,2,12,1,0,0,0,TRUE,TRUE,FALSE,九宫幻卡：幻卡对局室,19,112197
196,d2d7,578,1,47,2,60,60,210,0,TRUE,TRUE,FALSE,秘本宝库迦巴勒幻想图书馆,2,112187
197,s1p3_2,589,4,1,10,1,0,0,0,FALSE,TRUE,FALSE,萌宠之王：玩家对战（绩点赛）,19,112199
198,s1p3_3,590,4,2,10,1,0,0,0,FALSE,TRUE,FALSE,萌宠之王：大赛对战（玩家对战）,19,112200
199,s1p3_4,591,4,3,10,1,0,0,0,FALSE,TRUE,FALSE,萌宠之王：玩家对战（无绩点赛）,19,112198
200,,0,0,0,0,0,0,0,0,FALSE,FALSE,FALSE,,0,0
201,s1p5_5,619,1,40014,14,30,0,0,0,FALSE,TRUE,FALSE,群狼盛宴 (狼狱演习场：自定赛),6,112287
202,a2fc_4,624,2,4,8,60,0,179,0,TRUE,FALSE,FALSE,云冠群岛白昼探索（狩猎专用）,23,112119
203,a2fc_5,625,2,5,8,60,0,179,0,TRUE,FALSE,FALSE,云冠群岛黄昏探索（狩猎专用）,23,112120
204,f1c5_dd006,593,1,60006,11,1,0,0,0,TRUE,FALSE,FALSE,死者宫殿 地下51～60层,21,112171
205,f1c5_dd007,594,1,60007,11,1,0,0,0,TRUE,FALSE,FALSE,死者宫殿 地下61～70层,21,112172
206,f1c5_dd008,595,1,60008,11,1,0,0,0,TRUE,FALSE,FALSE,死者宫殿 地下71～80层,21,112173
207,f1c6_dd009,596,1,60009,11,1,0,0,0,TRUE,FALSE,FALSE,死者宫殿 地下81～90层,21,112174
208,f1c6_dd010,597,1,60010,11,1,0,0,0,TRUE,FALSE,FALSE,死者宫殿 地下91～100层,21,112175
209,f1c6_dd011,598,1,60011,11,1,0,0,0,TRUE,FALSE,FALSE,死者宫殿 地下101～110层,21,112176
210,f1c8_dd012,599,1,60012,11,1,0,0,0,TRUE,FALSE,FALSE,死者宫殿 地下111～120层,21,112177
211,f1c8_dd013,600,1,60013,11,1,0,0,0,TRUE,FALSE,FALSE,死者宫殿 地下121～130层,21,112178
212,f1c9_dd014,601,1,60014,11,1,0,0,0,TRUE,FALSE,FALSE,死者宫殿 地下131～140层,21,112179
213,f1c9_dd015,602,1,60015,11,1,0,0,0,TRUE,FALSE,FALSE,死者宫殿 地下141～150层,21,112180
214,f1c7_dd016,603,1,60016,11,1,0,0,0,TRUE,FALSE,FALSE,死者宫殿 地下151～160层,21,112181
215,f1c7_dd017,604,1,60017,11,1,0,0,0,TRUE,FALSE,FALSE,死者宫殿 地下161～170层,21,112182
216,f1c7_dd018,605,1,60018,11,1,0,0,0,TRUE,FALSE,FALSE,死者宫殿 地下171～180层,21,112183
217,f1c7_dd019,606,1,60019,11,1,0,0,0,TRUE,FALSE,FALSE,死者宫殿 地下181～190层,21,112184
218,f1c7_dd020,607,1,60020,11,1,0,0,0,TRUE,FALSE,FALSE,死者宫殿 地下191～200层,21,112185
219,f1da,615,1,48,2,60,60,230,0,TRUE,TRUE,FALSE,坚牢铁壁巴埃萨长城,2,112214
220,z2r3,627,1,30047,4,60,60,235,0,TRUE,TRUE,FALSE,影之国,5,112203
221,d2d8,617,1,49,2,60,60,230,0,TRUE,TRUE,FALSE,天山深境索姆阿尔灵峰,2,112215
222,ec004,633,1,5004,1,1,60,0,0,FALSE,FALSE,FALSE,加尔提诺平原遭遇战,7,0
223,a2fg,637,1,20043,3,60,60,235,0,TRUE,TRUE,FALSE,祖尔宛歼灭战,4,112212
224,a2fg_2,638,1,20044,3,60,60,250,0,TRUE,TRUE,FALSE,祖尔宛歼殛战,4,112213
225,a2fh,630,2,6,8,60,60,220,0,TRUE,FALSE,FALSE,云冠群岛战争神猎场,23,112221
226,,0,0,0,0,0,0,0,0,FALSE,FALSE,FALSE,,0,0
227,,0,0,0,0,0,0,0,0,FALSE,FALSE,FALSE,,0,0
228,f1p2_1,632,1,40016,6,30,0,0,0,FALSE,FALSE,FALSE,群狼盛宴 (4对4 / 练习赛),6,112223
229,,0,0,0,0,0,0,0,0,FALSE,FALSE,FALSE,,0,0
230,f1p2_3,644,1,40018,6,30,0,0,0,FALSE,FALSE,FALSE,群狼盛宴 (4对4 / 段位赛),6,112218
231,,0,0,0,0,0,0,0,0,FALSE,FALSE,FALSE,,0,0
232,,0,0,0,0,0,0,0,0,FALSE,FALSE,FALSE,,0,0
233,f1p2_5,646,1,40021,14,30,0,0,0,FALSE,TRUE,FALSE,群狼盛宴 (地衣宫演习场：自定赛),6,112284
234,a2fh_2,656,2,7,16,60,60,179,0,TRUE,FALSE,FALSE,云冠群岛丰饶神福地,23,112222
235,e3d1,616,1,50,2,63,64,0,0,TRUE,TRUE,FALSE,海底宫殿紫水宫,2,112227
236,g3d3,663,1,51,2,70,70,280,340,TRUE,TRUE,FALSE,修行古刹星导寺,2,112233
237,ec005,665,1,5005,1,1,63,0,0,TRUE,FALSE,FALSE,鱼道现身！,7,0
238,o3d1,626,1,52,2,61,62,0,0,TRUE,TRUE,FALSE,漂流海域妖歌海,2,112226
239,g3fb,679,1,20045,3,70,70,280,0,TRUE,TRUE,FALSE,神龙歼灭战,4,112244
240,e3d2,623,1,53,2,65,66,0,0,TRUE,TRUE,FALSE,试炼行路巴儿达木霸道,2,112228
241,e3d3,660,1,54,2,67,68,0,0,TRUE,TRUE,FALSE,解放决战多玛王城,2,112229
242,g3d1,661,1,55,2,69,70,0,290,TRUE,TRUE,FALSE,巨炮要塞帝国白山堡,2,112230
243,e3fa,674,1,20046,3,63,64,0,0,TRUE,TRUE,FALSE,须佐之男歼灭战,4,112242
244,e3fa_2,677,1,20047,3,70,70,300,0,TRUE,TRUE,FALSE,须佐之男歼殛战,4,112245
245,e0182,707,1,5007,1,70,70,0,0,FALSE,FALSE,FALSE,抗争之力,7,0
246,ec006,688,1,5008,1,1,68,0,0,FALSE,FALSE,FALSE,那达慕,7,0
247,g3d2,689,1,56,2,70,70,280,310,TRUE,TRUE,FALSE,鏖战红莲阿拉米格,2,112231
248,e0184,708,1,5009,1,54,56,0,0,FALSE,FALSE,FALSE,海都路人身首异,7,0
249,e0185,709,1,5010,1,60,62,0,0,FALSE,FALSE,FALSE,极恶之人木枯,7,0
250,e0186,710,1,5011,1,65,67,0,0,FALSE,FALSE,FALSE,松叶门外之变,7,0
251,e0187,711,1,5012,1,70,70,0,0,FALSE,FALSE,FALSE,决战龟甲岛,7,0
252,z3o2,691,1,30049,3,70,70,295,0,TRUE,TRUE,FALSE,欧米茄时空狭缝 德尔塔幻境1,5,112234
253,z3o3,692,1,30050,3,70,70,295,0,TRUE,TRUE,FALSE,欧米茄时空狭缝 德尔塔幻境2,5,112235
254,z3o4,693,1,30051,3,70,70,295,0,TRUE,TRUE,FALSE,欧米茄时空狭缝 德尔塔幻境3,5,112236
255,z3o5,694,1,30052,3,70,70,295,0,TRUE,TRUE,FALSE,欧米茄时空狭缝 德尔塔幻境4,5,112237
256,z3o2_2,695,1,30053,3,70,70,310,0,TRUE,TRUE,FALSE,欧米茄零式时空狭缝 德尔塔幻境1,5,112238
257,z3o3_2,696,1,30054,3,70,70,315,0,TRUE,TRUE,FALSE,欧米茄零式时空狭缝 德尔塔幻境2,5,112239
258,z3o4_2,697,1,30055,3,70,70,320,0,TRUE,TRUE,FALSE,欧米茄零式时空狭缝 德尔塔幻境3,5,112240
259,z3o5_2,698,1,30056,3,70,70,320,0,TRUE,TRUE,FALSE,欧米茄零式时空狭缝 德尔塔幻境4,5,112241
260,e0174,717,1,5013,1,60,62,0,0,FALSE,FALSE,FALSE,原初的战士,7,0
261,e0168,705,1,5006,1,63,65,0,0,FALSE,FALSE,FALSE,大会开始,7,0
262,e3d4,662,1,57,2,70,70,280,340,TRUE,TRUE,FALSE,恶党孤城黄金阁,2,112232
263,g3fa,719,1,20048,3,67,68,0,0,TRUE,TRUE,FALSE,吉祥天女歼灭战,4,112243
264,g3fa_2,720,1,20049,3,70,70,300,0,TRUE,TRUE,FALSE,吉祥天女歼殛战,4,112246
265,e0171,722,1,5014,1,70,70,0,0,FALSE,FALSE,FALSE,穿越时空的夙愿,7,0
266,e0175,718,1,5015,1,70,70,0,0,FALSE,FALSE,FALSE,燃烧吧高吉,7,0
267,e0158,713,1,5016,1,68,70,0,0,FALSE,FALSE,FALSE,漆黑的巨龙,7,0
268,o3c1,712,1,55002,3,1,70,0,370,TRUE,FALSE,FALSE,运河宝物库,9,0
269,ec007,684,1,5017,1,1,70,0,0,FALSE,FALSE,FALSE,于里昂热的秘策,7,0
270,e0169,706,1,5018,1,70,70,0,0,FALSE,FALSE,FALSE,为了更强,7,0
271,e0160,715,1,5019,1,65,67,0,0,FALSE,FALSE,FALSE,遥远的憧憬,7,0
272,e0161,716,1,5020,1,70,70,0,0,FALSE,FALSE,FALSE,再次相见,7,0
273,e0159,714,1,5021,1,70,70,0,0,FALSE,FALSE,FALSE,红血之龙骑士,7,0
274,e0167,723,1,5022,1,70,70,0,0,FALSE,FALSE,FALSE,影隐忍法贴,7,0
275,z3o1,690,1,5023,1,1,70,0,0,FALSE,FALSE,FALSE,时空狭缝外缘,7,0
276,o3c1_2,725,1,55003,3,1,70,0,370,TRUE,FALSE,FALSE,运河宝物库深层,9,0
277,d2p1,729,1,51001,18,30,0,0,0,FALSE,TRUE,FALSE,距骨研究所 (机动战),6,112257
278,g3fc,730,1,20050,3,70,70,320,0,TRUE,TRUE,FALSE,神龙梦幻歼灭战,4,112258
279,g3d4,731,1,58,2,70,70,300,370,TRUE,TRUE,FALSE,沉没神殿斯卡拉遗迹,2,112255
280,f1bz,733,1,30057,3,70,70,0,345,FALSE,FALSE,TRUE,巴哈姆特绝境战,5,112261
281,z3r1,734,1,30058,4,70,70,305,0,TRUE,TRUE,FALSE,失落之都拉巴纳斯塔,5,112256
282,ec008,403,1,5024,1,1,70,0,0,FALSE,FALSE,FALSE,英雄归来,7,0
283,z3fa,732,3,3,19,70,70,0,300,TRUE,FALSE,FALSE,禁地优雷卡 常风之地,26,112275
284,e3d5,742,1,59,2,70,70,310,0,TRUE,TRUE,FALSE,红玉火山狱之盖,2,112264
285,a2d4,743,1,60,2,70,70,310,0,TRUE,TRUE,FALSE,疯狂战舰无限回廊,2,112263
286,z3o7,748,1,30059,3,70,70,325,0,TRUE,TRUE,FALSE,欧米茄时空狭缝 西格玛幻境1,5,112265
287,z3o8,749,1,30060,3,70,70,325,0,TRUE,TRUE,FALSE,欧米茄时空狭缝 西格玛幻境2,5,112267
288,z3o9,750,1,30061,3,70,70,325,0,TRUE,TRUE,FALSE,欧米茄时空狭缝 西格玛幻境3,5,112269
289,z3oa,751,1,30062,3,70,70,325,0,TRUE,TRUE,FALSE,欧米茄时空狭缝 西格玛幻境4,5,112271
290,e3fb,746,1,20051,3,70,70,325,0,TRUE,TRUE,FALSE,白虎镇魂战,4,112273
291,e3fb_2,758,1,20052,3,70,70,340,0,TRUE,TRUE,FALSE,白虎诗魂战,4,112274
292,z3o7_2,752,1,30063,3,70,70,340,0,TRUE,TRUE,FALSE,欧米茄零式时空狭缝 西格玛幻境1,5,112266
293,z3o8_2,753,1,30064,3,70,70,345,0,TRUE,TRUE,FALSE,欧米茄零式时空狭缝 西格玛幻境2,5,112268
294,z3o9_2,754,1,30065,3,70,70,350,0,TRUE,TRUE,FALSE,欧米茄零式时空狭缝 西格玛幻境3,5,112270
295,z3oa_2,755,1,30066,3,70,70,350,0,TRUE,TRUE,FALSE,欧米茄零式时空狭缝 西格玛幻境4,5,112272
296,e0001,233,5,11,1,0,9,0,0,FALSE,FALSE,FALSE,,0,0
297,e0002,225,5,15,1,0,13,0,0,FALSE,FALSE,FALSE,,0,0
298,e0003,226,5,12,1,0,18,0,0,FALSE,FALSE,FALSE,,0,0
299,e0004,227,5,14,1,0,18,0,0,FALSE,FALSE,FALSE,,0,0
300,e0005,234,5,16,1,0,19,0,0,FALSE,FALSE,FALSE,,0,0
301,e0006,235,5,17,1,0,34,0,0,FALSE,FALSE,FALSE,,0,0
302,e0007,228,5,6,1,0,19,0,0,FALSE,FALSE,FALSE,,0,0
303,e0008,229,5,5,1,0,24,0,0,FALSE,FALSE,FALSE,,0,0
304,e0009,230,5,4,1,0,29,0,0,FALSE,FALSE,FALSE,,0,0
305,e0010,231,5,2,1,0,34,0,0,FALSE,FALSE,FALSE,,0,0
306,e0011,236,5,3,1,0,34,0,0,FALSE,FALSE,FALSE,,0,0
307,e0012,237,5,7,1,0,19,0,0,FALSE,FALSE,FALSE,,0,0
308,e0013,238,5,8,1,0,24,0,0,FALSE,FALSE,FALSE,,0,0
309,e0014,239,5,9,1,0,34,0,0,FALSE,FALSE,FALSE,,0,0
310,e0015,240,5,10,1,0,34,0,0,FALSE,FALSE,FALSE,,0,0
311,e0016,232,5,13,1,0,27,0,0,FALSE,FALSE,FALSE,,0,0
312,e0017,248,5,18,1,0,13,0,0,FALSE,FALSE,FALSE,,0,0
313,e0018,249,5,24,1,0,18,0,0,FALSE,FALSE,FALSE,,0,0
314,e0019,253,5,19,1,0,14,0,0,FALSE,FALSE,FALSE,,0,0
315,e0020,254,5,20,1,0,19,0,0,FALSE,FALSE,FALSE,,0,0
316,e0021,255,5,21,1,0,24,0,0,FALSE,FALSE,FALSE,,0,0
317,e0022,256,5,22,1,0,29,0,0,FALSE,FALSE,FALSE,,0,0
318,e0023,257,5,23,1,0,34,0,0,FALSE,FALSE,FALSE,,0,0
319,e0024,258,5,30,1,0,19,0,0,FALSE,FALSE,FALSE,,0,0
320,e0025,259,5,31,1,0,24,0,0,FALSE,FALSE,FALSE,,0,0
321,e0026,260,5,32,1,0,29,0,0,FALSE,FALSE,FALSE,,0,0
322,e0027,261,5,33,1,0,34,0,0,FALSE,FALSE,FALSE,,0,0
323,e0028,251,5,34,1,0,34,0,0,FALSE,FALSE,FALSE,,0,0
324,e0029,266,5,40,1,0,19,0,0,FALSE,FALSE,FALSE,,0,0
325,e0030,267,5,41,1,0,24,0,0,FALSE,FALSE,FALSE,,0,0
326,e0031,268,5,42,1,0,29,0,0,FALSE,FALSE,FALSE,,0,0
327,e0032,269,5,43,1,0,34,0,0,FALSE,FALSE,FALSE,,0,0
328,e0034,262,5,25,1,0,9,0,0,FALSE,FALSE,FALSE,,0,0
329,e0035,263,5,26,1,0,24,0,0,FALSE,FALSE,FALSE,,0,0
330,e0036,264,5,27,1,0,29,0,0,FALSE,FALSE,FALSE,,0,0
331,e0037,265,5,28,1,0,34,0,0,FALSE,FALSE,FALSE,,0,0
332,e0038,252,5,35,1,0,9,0,0,FALSE,FALSE,FALSE,,0,0
333,e0039,272,5,29,1,0,13,0,0,FALSE,FALSE,FALSE,,0,0
334,e0040,280,5,36,1,0,18,0,0,FALSE,FALSE,FALSE,,0,0
335,e0041,270,5,37,1,0,8,0,0,FALSE,FALSE,FALSE,,0,0
336,e0042,271,5,38,1,0,18,0,0,FALSE,FALSE,FALSE,,0,0
337,e0043,273,5,39,1,0,18,0,0,FALSE,FALSE,FALSE,,0,0
338,e0046,274,5,44,1,0,21,0,0,FALSE,FALSE,FALSE,,0,0
339,e0047,275,5,45,1,0,24,0,0,FALSE,FALSE,FALSE,,0,0
340,e0048,277,5,46,1,0,24,0,0,FALSE,FALSE,FALSE,,0,0
341,e0049,278,5,47,1,0,24,0,0,FALSE,FALSE,FALSE,,0,0
342,e0050,279,5,48,1,0,24,0,0,FALSE,FALSE,FALSE,,0,0
343,e0051,301,5,60,1,0,42,0,0,FALSE,FALSE,FALSE,,0,0
344,e0052,302,5,61,1,0,44,0,0,FALSE,FALSE,FALSE,,0,0
345,e0053,285,5,50,1,0,14,0,0,FALSE,FALSE,FALSE,,0,0
346,e0054,286,5,51,1,0,19,0,0,FALSE,FALSE,FALSE,,0,0
347,e0055,287,5,52,1,0,24,0,0,FALSE,FALSE,FALSE,,0,0
348,e0056,288,5,53,1,0,34,0,0,FALSE,FALSE,FALSE,,0,0
349,e0057,289,5,54,1,0,14,0,0,FALSE,FALSE,FALSE,,0,0
350,e0058,303,5,57,1,0,26,0,0,FALSE,FALSE,FALSE,,0,0
351,e0059,304,5,62,1,0,48,0,0,FALSE,FALSE,FALSE,,0,0
352,e0060,305,5,65,1,0,50,0,0,FALSE,FALSE,FALSE,,0,0
353,e0061,306,5,58,1,0,31,0,0,FALSE,FALSE,FALSE,,0,0
354,e0062,307,5,59,1,0,34,0,0,FALSE,FALSE,FALSE,,0,0
355,e0063,290,5,55,1,0,24,0,0,FALSE,FALSE,FALSE,,0,0
356,e0064,291,5,56,1,0,29,0,0,FALSE,FALSE,FALSE,,0,0
357,e0065,308,5,63,1,0,50,0,0,FALSE,FALSE,FALSE,,0,0
358,e0066,309,5,64,1,0,50,0,0,FALSE,FALSE,FALSE,,0,0
359,e0067,310,5,66,1,0,34,0,0,FALSE,FALSE,FALSE,,0,0
360,e0068,311,5,67,1,0,50,0,0,FALSE,FALSE,FALSE,,0,0
361,e0069,312,5,68,1,0,49,0,0,FALSE,FALSE,FALSE,,0,0
362,e0070,313,5,69,1,0,50,0,0,FALSE,FALSE,FALSE,,0,0
363,e0071,314,5,70,1,0,34,0,0,FALSE,FALSE,FALSE,,0,0
364,e0072,315,5,71,1,0,50,0,0,FALSE,FALSE,FALSE,,0,0
365,e0073,316,5,72,1,0,50,0,0,FALSE,FALSE,FALSE,,0,0
366,e0074,317,5,73,1,0,49,0,0,FALSE,FALSE,FALSE,,0,0
367,e0075,318,5,74,1,0,50,0,0,FALSE,FALSE,FALSE,,0,0
368,e0076,319,5,75,1,0,34,0,0,FALSE,FALSE,FALSE,,0,0
369,e0077,320,5,76,1,0,50,0,0,FALSE,FALSE,FALSE,,0,0
370,e0078,321,5,77,1,0,49,0,0,FALSE,FALSE,FALSE,,0,0
371,e0079,322,5,78,1,0,50,0,0,FALSE,FALSE,FALSE,,0,0
372,e0080,323,5,79,1,0,34,0,0,FALSE,FALSE,FALSE,,0,0
373,e0081,324,5,80,1,0,39,0,0,FALSE,FALSE,FALSE,,0,0
374,e0082,325,5,81,1,0,49,0,0,FALSE,FALSE,FALSE,,0,0
375,e0083,326,5,82,1,0,50,0,0,FALSE,FALSE,FALSE,,0,0
376,e0084,327,5,83,1,0,34,0,0,FALSE,FALSE,FALSE,,0,0
377,e0085,328,5,84,1,0,44,0,0,FALSE,FALSE,FALSE,,0,0
378,e0086,329,5,85,1,0,50,0,0,FALSE,FALSE,FALSE,,0,0
379,e0087,330,5,86,1,0,46,0,0,FALSE,FALSE,FALSE,,0,0
380,e0090,379,5,89,1,0,50,0,0,FALSE,FALSE,FALSE,,0,0
381,e0091,404,5,90,1,0,14,0,0,FALSE,FALSE,FALSE,,0,0
382,e0092,405,5,91,1,0,19,0,0,FALSE,FALSE,FALSE,,0,0
383,e0093,406,5,92,1,0,19,0,0,FALSE,FALSE,FALSE,,0,0
384,e0094,407,5,93,1,0,24,0,0,FALSE,FALSE,FALSE,,0,0
385,e0095,408,5,94,1,0,29,0,0,FALSE,FALSE,FALSE,,0,0
386,e0096,409,5,95,1,0,34,0,0,FALSE,FALSE,FALSE,,0,0
387,e0097,410,5,101,1,0,50,0,0,FALSE,FALSE,FALSE,,0,0
388,e0098,411,5,96,1,0,34,0,0,FALSE,FALSE,FALSE,,0,0
389,e0099,412,5,97,1,0,39,0,0,FALSE,FALSE,FALSE,,0,0
390,e0100,413,5,98,1,0,44,0,0,FALSE,FALSE,FALSE,,0,0
391,e0101,414,5,99,1,0,49,0,0,FALSE,FALSE,FALSE,,0,0
392,e0102,415,5,100,1,0,50,0,0,FALSE,FALSE,FALSE,,0,0
393,e0103,453,5,103,1,0,60,0,0,FALSE,FALSE,FALSE,,0,0
394,e0104,454,5,135,1,0,60,0,0,FALSE,FALSE,FALSE,,0,0
395,e0105,455,5,104,1,0,52,0,0,FALSE,FALSE,FALSE,,0,0
396,e0106,456,5,105,1,0,52,0,0,FALSE,FALSE,FALSE,,0,0
397,e0107,457,5,108,1,0,53,0,0,FALSE,FALSE,FALSE,,0,0
398,e0108,458,5,109,1,0,59,0,0,FALSE,FALSE,FALSE,,0,0
399,e0109,459,5,110,1,0,60,0,0,FALSE,FALSE,FALSE,,0,0
400,e0110,460,5,106,1,0,53,0,0,FALSE,FALSE,FALSE,,0,0
401,e0111,461,5,107,1,0,59,0,0,FALSE,FALSE,FALSE,,0,0
402,e0112,464,5,134,1,0,60,0,0,FALSE,FALSE,FALSE,,0,0
403,e0113,465,5,126,1,0,60,0,0,FALSE,FALSE,FALSE,,0,0
404,e0114,466,5,113,1,0,54,0,0,FALSE,FALSE,FALSE,,0,0
405,e0115,467,5,114,1,0,60,0,0,FALSE,FALSE,FALSE,,0,0
406,e0116,468,5,102,1,0,54,0,0,FALSE,FALSE,FALSE,,0,0
407,e0117,469,5,115,1,0,54,0,0,FALSE,FALSE,FALSE,,0,0
408,e0118,470,5,116,1,0,56,0,0,FALSE,FALSE,FALSE,,0,0
409,e0119,471,5,117,1,0,49,0,0,FALSE,FALSE,FALSE,,0,0
410,e0120,472,5,118,1,0,56,0,0,FALSE,FALSE,FALSE,,0,0
411,e0121,473,5,143,1,0,34,0,0,FALSE,FALSE,FALSE,,0,0
412,e0122,474,5,144,1,0,44,0,0,FALSE,FALSE,FALSE,,0,0
413,e0123,475,5,119,1,0,52,0,0,FALSE,FALSE,FALSE,,0,0
414,e0124,476,5,141,1,0,60,0,0,FALSE,FALSE,FALSE,,0,0
415,e0125,477,5,142,1,0,60,0,0,FALSE,FALSE,FALSE,,0,0
416,e0126,479,5,111,1,0,52,0,0,FALSE,FALSE,FALSE,,0,0
417,e0127,480,5,120,1,0,49,0,0,FALSE,FALSE,FALSE,,0,0
418,e0128,481,5,121,1,0,58,0,0,FALSE,FALSE,FALSE,,0,0
419,e0129,482,5,122,1,0,58,0,0,FALSE,FALSE,FALSE,,0,0
420,e0130,483,5,123,1,0,56,0,0,FALSE,FALSE,FALSE,,0,0
421,e0131,484,5,124,1,0,56,0,0,FALSE,FALSE,FALSE,,0,0
422,e0132,485,5,112,1,0,60,0,0,FALSE,FALSE,FALSE,,0,0
423,e0133,486,5,127,1,0,34,0,0,FALSE,FALSE,FALSE,,0,0
424,e0134,487,5,128,1,0,44,0,0,FALSE,FALSE,FALSE,,0,0
425,e0135,488,5,129,1,0,52,0,0,FALSE,FALSE,FALSE,,0,0
426,e0136,489,5,130,1,0,60,0,0,FALSE,FALSE,FALSE,,0,0
427,e0137,490,5,131,1,0,60,0,0,FALSE,FALSE,FALSE,,0,0
428,e0138,491,5,132,1,0,60,0,0,FALSE,FALSE,FALSE,,0,0
429,e0139,492,5,133,1,0,60,0,0,FALSE,FALSE,FALSE,,0,0
430,e0140,493,5,125,1,0,60,0,0,FALSE,FALSE,FALSE,,0,0
431,e0141,494,5,136,1,0,44,0,0,FALSE,FALSE,FALSE,,0,0
432,e0142,495,5,137,1,0,49,0,0,FALSE,FALSE,FALSE,,0,0
433,e0143,496,5,138,1,0,56,0,0,FALSE,FALSE,FALSE,,0,0
434,e0144,497,5,139,1,0,60,0,0,FALSE,FALSE,FALSE,,0,0
435,e0145,498,5,140,1,0,56,0,0,FALSE,FALSE,FALSE,,0,0
436,e0146,499,5,145,1,0,34,0,0,FALSE,FALSE,FALSE,,0,0
437,e0147,500,5,146,1,0,52,0,0,FALSE,FALSE,FALSE,,0,0
438,e0148,501,5,147,1,0,60,0,0,FALSE,FALSE,FALSE,,0,0
439,e0149,502,5,149,1,0,60,0,0,FALSE,FALSE,FALSE,,0,0
440,e0150,503,5,148,1,0,60,0,0,FALSE,FALSE,FALSE,,0,0
441,e0151,513,5,150,1,0,60,0,0,FALSE,FALSE,FALSE,,0,0
442,e0152,664,5,154,1,0,67,0,0,FALSE,FALSE,FALSE,,0,0
443,e0153,667,5,156,1,0,70,0,0,FALSE,FALSE,FALSE,,0,0
444,e0154,669,5,162,1,0,62,0,0,FALSE,FALSE,FALSE,,0,0
445,e0155,673,5,168,1,0,70,0,0,FALSE,FALSE,FALSE,,0,0
446,e0156,703,5,174,1,0,67,0,0,FALSE,FALSE,FALSE,,0,0
447,e0157,704,5,175,1,0,70,0,0,FALSE,FALSE,FALSE,,0,0
448,e0162,699,5,172,1,0,67,0,0,FALSE,FALSE,FALSE,,0,0
449,e0163,700,5,173,1,0,70,0,0,FALSE,FALSE,FALSE,,0,0
450,e0164,647,5,152,1,0,70,0,0,FALSE,FALSE,FALSE,,0,0
451,e0165,648,5,153,1,0,70,0,0,FALSE,FALSE,FALSE,,0,0
452,e0166,726,5,177,1,0,67,0,0,FALSE,FALSE,FALSE,,0,0
453,e0170,721,5,176,1,0,67,0,0,FALSE,FALSE,FALSE,,0,0
454,e0172,701,5,170,1,0,67,0,0,FALSE,FALSE,FALSE,,0,0
455,e0173,702,5,171,1,0,70,0,0,FALSE,FALSE,FALSE,,0,0
456,e0176,640,5,151,1,0,67,0,0,FALSE,FALSE,FALSE,,0,0
457,e0177,678,5,169,1,0,70,0,0,FALSE,FALSE,FALSE,,0,0
458,e0178,668,5,161,1,0,52,0,0,FALSE,FALSE,FALSE,,0,0
459,e0179,675,5,164,1,0,58,0,0,FALSE,FALSE,FALSE,,0,0
460,e0180,672,5,165,1,0,62,0,0,FALSE,FALSE,FALSE,,0,0
461,e0181,676,5,166,1,0,67,0,0,FALSE,FALSE,FALSE,,0,0
462,e0183,666,5,157,1,0,52,0,0,FALSE,FALSE,FALSE,,0,0
463,e0188,670,5,159,1,0,62,0,0,FALSE,FALSE,FALSE,,0,0
464,e0189,659,5,155,1,0,63,0,0,FALSE,FALSE,FALSE,,0,0
465,e0190,685,5,163,1,0,66,0,0,FALSE,FALSE,FALSE,,0,0
466,e0191,671,5,160,1,0,69,0,0,FALSE,FALSE,FALSE,,0,0
467,e0192,686,5,158,1,0,70,0,0,FALSE,FALSE,FALSE,,0,0
468,e0193,687,5,167,1,0,70,0,0,FALSE,FALSE,FALSE,,0,0
469,e0194,634,5,178,1,0,70,0,0,FALSE,FALSE,FALSE,,0,0
470,e0195,657,5,179,1,0,70,0,0,FALSE,FALSE,FALSE,,0,0
471,e0196,658,5,180,1,0,70,0,0,FALSE,FALSE,FALSE,,0,0
472,e0197,757,5,181,1,0,70,0,0,FALSE,FALSE,FALSE,,0,0
473,f1e9,741,1,25002,20,1,1,0,0,FALSE,FALSE,FALSE,良缘仪式,22,112262
474,e3fc,761,1,20053,3,70,70,320,0,FALSE,TRUE,FALSE,火龙狩猎战,4,112289
475,e3fc_2,762,1,20054,2,70,70,350,0,FALSE,TRUE,FALSE,火龙上位狩猎战,4,112290
476,l1p2,745,1,40022,21,30,0,0,0,FALSE,FALSE,FALSE,群狼盛宴 (战队段位赛),6,112288
477,e0198,760,5,182,1,0,70,0,0,FALSE,FALSE,FALSE,,0,0
478,l1p2_2,765,1,40023,6,30,0,0,0,FALSE,FALSE,FALSE,群狼盛宴 (段位赛),6,112282
479,l1p2_3,766,1,40024,6,30,0,0,0,FALSE,FALSE,FALSE,群狼盛宴 (练习赛),6,112282
480,l1p2_4,767,1,40025,14,30,0,0,0,FALSE,TRUE,FALSE,群狼盛宴 (水晶塔演习场：自定赛),6,112285
481,cr_tutorial,417,4,4,1,1,0,0,0,FALSE,FALSE,FALSE,陆行鸟竞赛：竞赛教学,19,112086
482,cr_chal01,391,4,5,1,1,0,0,0,FALSE,FALSE,FALSE,第1关：抢占内圈赛道,19,112085
483,cr_chal02,389,4,6,1,1,0,0,0,FALSE,FALSE,FALSE,第2关：躲避范围攻击,19,112084
484,cr_chal03,390,4,7,1,1,0,0,0,FALSE,FALSE,FALSE,第3关：能力不是万能的,19,112086
485,cr_chal04,391,4,8,1,1,0,0,0,FALSE,FALSE,FALSE,第4关：沉重的竞赛（上）,19,112085
486,cr_chal05,389,4,9,1,1,0,0,0,FALSE,FALSE,FALSE,第5关：站住别跑,19,112084
487,cr_chal06,390,4,10,1,1,0,0,0,FALSE,FALSE,FALSE,第6关：打击竞争对手,19,112086
488,cr_chal07,389,4,11,1,1,0,0,0,FALSE,FALSE,FALSE,第7关：梦幻的结界,19,112084
489,cr_chal08,391,4,12,1,1,0,0,0,FALSE,FALSE,FALSE,第8关：鹬蚌相争渔翁得利,19,112085
490,cr_chal09,390,4,13,1,1,0,0,0,FALSE,FALSE,FALSE,第9关：体力之战,19,112086
491,cr_chal10,389,4,14,1,1,0,0,0,FALSE,FALSE,FALSE,第10关：逃亡者和追赶者,19,112084
492,cr_chal11,390,4,15,1,1,0,0,0,FALSE,FALSE,FALSE,第11关：全速冲刺,19,112086
493,cr_chal12,391,4,16,1,1,0,0,0,FALSE,FALSE,FALSE,第12关：活用竞赛能力,19,112085
494,cr_chal13,390,4,17,1,1,0,0,0,FALSE,FALSE,FALSE,第13关：突破对手的协作,19,112086
495,cr_chal14,389,4,18,1,1,0,0,0,FALSE,FALSE,FALSE,第14关：沉重的竞赛（下）,19,112084
496,cr_chal15,391,4,19,1,1,0,0,0,FALSE,FALSE,FALSE,第15关：究极陆行鸟竞赛,19,112085
497,cr_begin_wil01,390,4,20,23,1,0,0,0,TRUE,FALSE,FALSE,陆行鸟竞赛：荒野大道,19,112086
498,cr_begin_sea01,389,4,21,23,1,0,0,0,TRUE,FALSE,FALSE,陆行鸟竞赛：太阳海岸,19,112084
499,cr_begin_fst01,391,4,22,23,1,0,0,0,TRUE,FALSE,FALSE,陆行鸟竞赛：恬静小路,19,112085
500,cr_r01_wil01,390,4,23,23,1,0,0,0,TRUE,FALSE,FALSE,陆行鸟竞赛：荒野大道,19,112086
501,cr_r01_sea01,389,4,24,23,1,0,0,0,TRUE,FALSE,FALSE,陆行鸟竞赛：太阳海岸,19,112084
502,cr_r01_fst01,391,4,25,23,1,0,0,0,TRUE,FALSE,FALSE,陆行鸟竞赛：恬静小路,19,112085
503,cr_r02_wil01,390,4,26,23,1,0,0,0,TRUE,FALSE,FALSE,陆行鸟竞赛：荒野大道,19,112086
504,cr_r02_sea01,389,4,27,23,1,0,0,0,TRUE,FALSE,FALSE,陆行鸟竞赛：太阳海岸,19,112084
505,cr_r02_fst01,391,4,28,23,1,0,0,0,TRUE,FALSE,FALSE,陆行鸟竞赛：恬静小路,19,112085
506,cr_r03_wil01,390,4,29,23,1,0,0,0,TRUE,FALSE,FALSE,陆行鸟竞赛：荒野大道,19,112086
507,cr_r03_sea01,389,4,30,23,1,0,0,0,TRUE,FALSE,FALSE,陆行鸟竞赛：太阳海岸,19,112084
508,cr_r03_fst01,391,4,31,23,1,0,0,0,TRUE,FALSE,FALSE,陆行鸟竞赛：恬静小路,19,112085
509,cr_r04_wil01,390,4,32,23,1,0,0,0,TRUE,FALSE,FALSE,陆行鸟竞赛：荒野大道,19,112086
510,cr_r04_sea01,389,4,33,23,1,0,0,0,TRUE,FALSE,FALSE,陆行鸟竞赛：太阳海岸,19,112084
511,cr_r04_fst01,391,4,34,23,1,0,0,0,TRUE,FALSE,FALSE,陆行鸟竞赛：恬静小路,19,112085
512,cr_r05_wil01,390,4,35,23,1,0,0,0,TRUE,FALSE,FALSE,陆行鸟竞赛：荒野大道,19,112086
513,cr_r05_sea01,389,4,36,23,1,0,0,0,TRUE,FALSE,FALSE,陆行鸟竞赛：太阳海岸,19,112084
514,cr_r05_fst01,391,4,37,23,1,0,0,0,TRUE,FALSE,FALSE,陆行鸟竞赛：恬静小路,19,112085
515,cr_r06_wil01,390,4,38,23,1,0,0,0,TRUE,FALSE,FALSE,陆行鸟竞赛：荒野大道,19,112086
516,cr_r06_sea01,389,4,39,23,1,0,0,0,TRUE,FALSE,FALSE,陆行鸟竞赛：太阳海岸,19,112084
517,cr_r06_fst01,391,4,40,23,1,0,0,0,TRUE,FALSE,FALSE,陆行鸟竞赛：恬静小路,19,112085
518,cr_r07_wil01,390,4,41,23,1,0,0,0,TRUE,FALSE,FALSE,陆行鸟竞赛：荒野大道,19,112086
519,cr_r07_sea01,389,4,42,23,1,0,0,0,TRUE,FALSE,FALSE,陆行鸟竞赛：太阳海岸,19,112084
520,cr_r07_fst01,391,4,43,23,1,0,0,0,TRUE,FALSE,FALSE,陆行鸟竞赛：恬静小路,19,112085
521,cr_r08_wil01,390,4,44,23,1,0,0,0,TRUE,FALSE,FALSE,陆行鸟竞赛：荒野大道,19,112086
522,cr_r08_sea01,389,4,45,23,1,0,0,0,TRUE,FALSE,FALSE,陆行鸟竞赛：太阳海岸,19,112084
523,cr_r08_fst01,391,4,46,23,1,0,0,0,TRUE,FALSE,FALSE,陆行鸟竞赛：恬静小路,19,112085
524,cr_r09_wil01,390,4,47,23,1,0,0,0,TRUE,FALSE,FALSE,陆行鸟竞赛：荒野大道,19,112086
525,cr_r09_sea01,389,4,48,23,1,0,0,0,TRUE,FALSE,FALSE,陆行鸟竞赛：太阳海岸,19,112084
526,cr_r09_fst01,391,4,49,23,1,0,0,0,TRUE,FALSE,FALSE,陆行鸟竞赛：恬静小路,19,112085
527,cr_r10_wil01,390,4,50,23,1,0,0,0,TRUE,FALSE,FALSE,陆行鸟竞赛：荒野大道,19,112086
528,cr_r10_sea01,389,4,51,23,1,0,0,0,TRUE,FALSE,FALSE,陆行鸟竞赛：太阳海岸,19,112084
529,cr_r10_fst01,391,4,52,23,1,0,0,0,TRUE,FALSE,FALSE,陆行鸟竞赛：恬静小路,19,112085
530,cr_r11_wil01,390,4,53,23,1,0,0,0,TRUE,FALSE,FALSE,陆行鸟竞赛：荒野大道,19,112086
531,cr_r11_sea01,389,4,54,23,1,0,0,0,TRUE,FALSE,FALSE,陆行鸟竞赛：太阳海岸,19,112084
532,cr_r11_fst01,391,4,55,23,1,0,0,0,TRUE,FALSE,FALSE,陆行鸟竞赛：恬静小路,19,112085
533,cr_r12_wil01,390,4,56,23,1,0,0,0,TRUE,FALSE,FALSE,陆行鸟竞赛：荒野大道,19,112086
534,cr_r12_sea01,389,4,57,23,1,0,0,0,TRUE,FALSE,FALSE,陆行鸟竞赛：太阳海岸,19,112084
535,cr_r12_fst01,391,4,58,23,1,0,0,0,TRUE,FALSE,FALSE,陆行鸟竞赛：恬静小路,19,112085
536,e3d6,768,1,61,2,70,70,330,0,TRUE,TRUE,FALSE,风水灵庙岩燕庙,2,112283
537,e3fd,778,1,20055,3,70,70,335,0,TRUE,TRUE,FALSE,月读歼灭战,4,112291
538,e3fd_2,779,1,20056,3,70,70,350,0,TRUE,TRUE,FALSE,月读幽夜歼灭战,4,112292
539,w1fz,777,1,30067,3,70,70,0,375,FALSE,FALSE,TRUE,究极神兵绝境战,5,112296
540,dd002_001,770,1,60021,11,61,0,0,0,TRUE,FALSE,FALSE,天之御柱 1～10层,21,112298
541,dd002_002,771,1,60022,11,61,0,0,0,TRUE,FALSE,FALSE,天之御柱 11～20层,21,112299
542,dd002_003,772,1,60023,11,61,0,0,0,TRUE,FALSE,FALSE,天之御柱 21～30层,21,112300
543,dd002_004,782,1,60024,11,61,0,0,0,TRUE,FALSE,FALSE,天之御柱 31～40层,21,112301
544,dd002_005,773,1,60025,11,61,0,0,0,TRUE,FALSE,FALSE,天之御柱 41～50层,21,112302
545,dd002_006,783,1,60026,11,61,0,0,0,TRUE,FALSE,FALSE,天之御柱 51～60层,21,112303
546,dd002_007,774,1,60027,11,61,0,0,0,TRUE,FALSE,FALSE,天之御柱 61～70层,21,112304
547,dd002_008,784,1,60028,11,61,0,0,0,TRUE,FALSE,FALSE,天之御柱 71～80层,21,112305
548,dd002_009,775,1,60029,11,61,0,0,0,TRUE,FALSE,FALSE,天之御柱 81～90层,21,112306
549,dd002_010,785,1,60030,11,61,0,0,0,TRUE,FALSE,FALSE,天之御柱 91～100层,21,112307
550,z3r2,776,1,30068,4,70,70,335,0,TRUE,TRUE,FALSE,封闭圣塔黎铎拉纳大灯塔,5,112286
551,e0199,781,5,183,1,0,70,0,0,FALSE,FALSE,FALSE,,0,0
552,lovm_chal001,506,4,59,1,1,0,0,0,FALSE,FALSE,FALSE,第1关：新手教学,19,112114
553,lovm_chal002,506,4,60,1,1,0,0,0,FALSE,FALSE,FALSE,第2关：到处都是巧儿鸟,19,112114
554,lovm_chal003,506,4,61,1,1,0,0,0,FALSE,FALSE,FALSE,第3关：万事开头难,19,112115
555,lovm_chal004,506,4,62,1,1,0,0,0,FALSE,FALSE,FALSE,第4关：小小巨兽,19,112115
556,lovm_chal005,506,4,63,1,1,0,0,0,FALSE,FALSE,FALSE,第5关：蛮族叛乱,19,112115
557,lovm_chal006,506,4,64,1,1,0,0,0,FALSE,FALSE,FALSE,第6关：恐怖的墓园,19,112115
558,lovm_chal007,506,4,65,1,1,0,0,0,FALSE,FALSE,FALSE,第7关：劲敌共斗,19,112115
559,lovm_chal008,506,4,66,1,1,0,0,0,FALSE,FALSE,FALSE,第8关：光暗之界乃拂晓,19,112115
560,lovm_chal009,506,4,67,1,1,0,0,0,FALSE,FALSE,FALSE,第9关：铜山爆破,19,112115
561,lovm_chal010,506,4,68,1,1,0,0,0,FALSE,FALSE,FALSE,第10关：蔓德拉之子,19,112115
562,lovm_chal011,506,4,69,1,1,0,0,0,FALSE,FALSE,FALSE,第11关：女王陛下万岁！,19,112115
563,lovm_chal012,506,4,70,1,1,0,0,0,FALSE,FALSE,FALSE,第12关：打砖块,19,112115
564,lovm_chal013,506,4,71,1,1,0,0,0,FALSE,FALSE,FALSE,第13关：首席机械师,19,112115
565,lovm_chal014,506,4,72,1,1,0,0,0,FALSE,FALSE,FALSE,第14关：硬如坚果,19,112115
566,lovm_chal015,506,4,73,1,1,0,0,0,FALSE,FALSE,FALSE,第15关：小小斗神讨伐战,19,112115
567,lovm_chal016,506,4,74,1,1,0,0,0,FALSE,FALSE,FALSE,第16关：陆行鸟大进军,19,112115
568,lovm_chal017,506,4,75,1,1,0,0,0,FALSE,FALSE,FALSE,第17关：披雪小冰壁,19,112115
569,lovm_chal018,506,4,76,1,1,0,0,0,FALSE,FALSE,FALSE,第18关：小怪物狩猎,19,112115
570,lovm_chal019,506,4,77,1,1,0,0,0,FALSE,FALSE,FALSE,第19关：小桥上的决斗,19,112115
571,lovm_chal020,506,4,78,1,1,0,0,0,FALSE,FALSE,FALSE,第20关：愿水晶给予你指引,19,112115
572,lovm_chal021,506,4,79,1,1,0,0,0,FALSE,FALSE,FALSE,第21关：贤者的试炼,19,112115
573,lovm_chal022,506,4,80,1,1,0,0,0,FALSE,FALSE,FALSE,第22关：暗淡的世界,19,112115
574,lovm_chal023,506,4,81,1,1,0,0,0,FALSE,FALSE,FALSE,第23关：巴哈姆特小迷宫邂逅之章,19,112115
575,lovm_chal024,506,4,82,1,1,0,0,0,FALSE,FALSE,FALSE,第24关：巴哈姆特小迷宫真源之章,19,112115
576,lovm_vs3_001,506,4,83,1,1,0,0,0,FALSE,TRUE,FALSE,萌宠之王：讨伐级单人战,19,112109
577,lovm_vs3_002,506,4,84,1,1,0,0,0,FALSE,TRUE,FALSE,萌宠之王：歼灭级单人战,19,112110
578,lovm_vs3_003,506,4,85,1,1,0,0,0,FALSE,TRUE,FALSE,萌宠之王：歼殛级单人战,19,112111
579,lovm_cnv_cpu,506,4,86,1,1,0,0,0,FALSE,TRUE,FALSE,萌宠之王：大赛对战（人机对战）,19,112200
580,l1p2_5,767,1,40026,22,30,0,0,0,FALSE,TRUE,FALSE,群狼盛宴 (水晶塔演习场：战队自定赛),6,112309
581,z3fb,763,3,4,19,70,70,0,300,TRUE,FALSE,FALSE,禁地优雷卡 恒冰之地,26,112308
582,ec009,769,1,5025,1,70,70,0,0,FALSE,FALSE,FALSE,拂晓的少年,7,0
583,w1t1_5th,790,3,5,19,30,50,0,110,TRUE,FALSE,FALSE,灾厄重现军事演习,22,112297
584,d2d9,788,1,62,2,70,70,340,0,TRUE,TRUE,FALSE,污染庭园圣茉夏娜植物园,2,112310
585,e3d7,789,1,63,2,70,70,340,0,TRUE,TRUE,FALSE,死亡大地终末焦土,2,112311
586,o3c2,794,1,55004,3,1,70,0,370,TRUE,FALSE,FALSE,运河宝物库神殿,9,0
587,z3oc,798,1,30069,3,70,70,355,0,TRUE,TRUE,FALSE,欧米茄时空狭缝 阿尔法幻境1,5,112312
588,z3od,799,1,30070,3,70,70,355,0,TRUE,TRUE,FALSE,欧米茄时空狭缝 阿尔法幻境2,5,112313
589,z3oe,800,1,30071,3,70,70,355,0,TRUE,TRUE,FALSE,欧米茄时空狭缝 阿尔法幻境3,5,112314
590,z3of,801,1,30072,3,70,70,355,0,TRUE,TRUE,FALSE,欧米茄时空狭缝 阿尔法幻境4,5,112315
591,z3oc_2,802,1,30073,3,70,70,370,0,TRUE,TRUE,FALSE,欧米茄零式时空狭缝 阿尔法幻境1,5,112316
592,z3od_2,803,1,30074,3,70,70,375,0,TRUE,TRUE,FALSE,欧米茄零式时空狭缝 阿尔法幻境2,5,112317
593,z3oe_2,804,1,30075,3,70,70,380,0,TRUE,TRUE,FALSE,欧米茄零式时空狭缝 阿尔法幻境3,5,112318
594,z3of_2,805,1,30076,3,70,70,380,0,TRUE,TRUE,FALSE,欧米茄零式时空狭缝 阿尔法幻境4,5,112319
595,e3ff,806,1,20059,3,70,70,365,0,TRUE,TRUE,FALSE,保镖歼灭战,4,112320
596,e3fe,810,1,20057,3,70,70,355,0,TRUE,TRUE,FALSE,朱雀镇魂战,4,112321
597,e3fe_2,811,1,20058,3,70,70,370,0,TRUE,TRUE,FALSE,朱雀诗魂战,4,112322
598,z3fc,795,3,6,19,70,70,0,300,TRUE,FALSE,FALSE,禁地优雷卡 涌火之地,26,112323
599,w1p1,791,1,51002,18,30,0,0,0,FALSE,TRUE,FALSE,隐塞 (机动战),6,112335
600,w1eg,792,3,7,19,1,0,0,0,TRUE,FALSE,FALSE,王像跳跳乐大挑战,19,112324
601,w1eg_2,792,3,8,19,1,0,0,0,TRUE,FALSE,FALSE,王像跳跳乐大挑战,19,112324
602,w1eg_3,792,3,9,19,1,0,0,0,TRUE,FALSE,FALSE,王像跳跳乐大挑战,19,112324
603,w1eg_4,792,3,10,19,1,0,0,0,TRUE,FALSE,FALSE,王像跳跳乐大挑战,19,112324
604,w1eg_5,792,3,11,19,1,0,0,0,TRUE,FALSE,FALSE,王像跳跳乐大挑战,19,112324
605,w1eg_6,792,3,12,19,1,0,0,0,TRUE,FALSE,FALSE,王像跳跳乐大挑战,19,112324
606,w1eg_7,792,3,13,19,1,0,0,0,TRUE,FALSE,FALSE,王像跳跳乐大挑战,19,112324
607,w1eg_8,792,3,14,19,1,0,0,0,TRUE,FALSE,FALSE,王像跳跳乐大挑战,19,112324
608,w1eg_9,792,3,15,19,1,0,0,0,TRUE,FALSE,FALSE,王像跳跳乐大挑战,19,112324
609,ec010,797,1,5026,1,70,70,0,0,FALSE,FALSE,FALSE,楔石洞,7,0
610,aoz001,796,1,35001,1,50,50,0,0,FALSE,FALSE,FALSE,出道战,27,112332
611,g3d5,793,1,64,2,70,70,360,0,TRUE,TRUE,FALSE,国境战线基姆利特暗区,2,112333
612,aoz002,796,1,35002,1,50,50,0,0,FALSE,FALSE,FALSE,布丁拼盘,27,112332
613,aoz003,796,1,35003,1,50,50,0,0,FALSE,FALSE,FALSE,最初的岩壁——辛巴克那,27,112332
614,aoz004,796,1,35004,1,50,50,0,0,FALSE,FALSE,FALSE,怪力铁巨人——克利俄斯,27,112332
615,aoz005,796,1,35005,1,50,50,0,0,FALSE,FALSE,FALSE,金币龟兄弟,27,112332
616,aoz006,796,1,35006,1,50,50,0,0,FALSE,FALSE,FALSE,铁鹰战士,27,112332
617,aoz007,796,1,35007,1,50,50,0,0,FALSE,FALSE,FALSE,粘液怪合唱团,27,112332
618,aoz008,796,1,35008,1,50,50,0,0,FALSE,FALSE,FALSE,青之牙、红之牙,27,112332
619,aoz009,796,1,35009,1,50,50,0,0,FALSE,FALSE,FALSE,七彩甜点——棉花糖,27,112332
620,aoz010,796,1,35010,1,50,50,0,0,FALSE,FALSE,FALSE,无头王者——幽黑曲偶,27,112332
621,aoz011,796,1,35011,1,50,50,0,0,FALSE,FALSE,FALSE,爆前速攻,27,112332
622,aoz012,796,1,35012,1,50,50,0,0,FALSE,FALSE,FALSE,寄生植物——白鹭花,27,112332
623,aoz013,796,1,35013,1,50,50,0,0,FALSE,FALSE,FALSE,猩红死妖姬——卡蜜拉,27,112332
624,aoz014,796,1,35014,1,50,50,0,0,FALSE,FALSE,FALSE,陪葬,27,112332
625,aoz015,796,1,35015,1,50,50,0,0,FALSE,FALSE,FALSE,来自亚拉戈的威胁——斗兽系统,27,112332
626,aoz016,796,1,35016,1,50,50,0,0,FALSE,FALSE,FALSE,怪力兽王——迪克巴朗,27,112332
627,aoz017,796,1,35017,1,50,50,0,0,FALSE,FALSE,FALSE,刚柔铁巨人——克利俄斯改,27,112332
628,aoz018,796,1,35018,1,50,50,0,0,FALSE,FALSE,FALSE,爆破死斗,27,112332
629,aoz019,796,1,35019,1,50,50,0,0,FALSE,FALSE,FALSE,魅惑芳香——反光丽贝卡,27,112332
630,aoz020,796,1,35020,1,50,50,0,0,FALSE,FALSE,FALSE,著名组合——奥尔特罗斯&提丰,27,112332
631,aoz021,796,1,35021,1,50,50,0,0,FALSE,FALSE,FALSE,愤怒合成兽——阿帕德马克,27,112332
632,aoz022,796,1,35022,1,50,50,0,0,FALSE,FALSE,FALSE,爆炸湮灭——先祖爆弹怪,27,112332
633,aoz023,796,1,35023,1,50,50,0,0,FALSE,FALSE,FALSE,魔兽皇太子——贝希摩斯太子,27,112332
634,aoz024,796,1,35024,1,50,50,0,0,FALSE,FALSE,FALSE,异形人偶师——艾匹罗基,27,112332
635,aoz025,796,1,35025,1,50,50,0,0,FALSE,FALSE,FALSE,邪恶青魔法师——启示者,27,112332
636,z3r3,826,1,30077,4,70,70,365,0,TRUE,TRUE,FALSE,乐欲之所瓯博讷修道院,5,112334
637,e3fg,824,1,20060,3,70,70,365,0,TRUE,TRUE,FALSE,青龙镇魂战,4,112339
638,e3fg_2,825,1,20061,3,70,70,380,0,TRUE,TRUE,FALSE,青龙诗魂战,4,112340
639,z3fd,827,3,16,19,70,70,0,300,TRUE,FALSE,FALSE,禁地优雷卡 丰水之地,26,112338
640,ride001,832,1,62000,1,1,0,0,0,FALSE,FALSE,FALSE,空军装甲驾驶员,19,112337
641,ride002,832,1,62001,1,1,0,0,0,FALSE,FALSE,FALSE,空军装甲驾驶员,19,112337
642,ride003,832,1,62002,1,1,0,0,0,FALSE,FALSE,FALSE,空军装甲驾驶员,19,112337
643,emj001,831,1,61001,11,1,0,0,0,FALSE,TRUE,FALSE,多玛方城战：一般桌（段位战）,19,112336
644,emj002,831,1,61002,11,1,0,0,0,FALSE,TRUE,FALSE,多玛方城战：有段桌（段位战）,19,112336
645,emj003,831,1,61003,11,1,0,0,0,FALSE,TRUE,FALSE,多玛方城战：4人亲友桌（带食断）,19,112336
646,r1fa_4,834,1,5027,1,50,50,0,0,FALSE,FALSE,FALSE,风之使者,7,0
647,e0200,839,5,184,1,0,50,0,0,FALSE,FALSE,FALSE,,0,0
648,ec011,830,1,5028,1,70,70,0,0,FALSE,FALSE,FALSE,英雄挽歌,7,0
649,n4d2,821,1,65,2,73,74,0,0,FALSE,TRUE,FALSE,水妖幻园多恩美格禁园,2,112343
650,emj004,831,1,61004,11,1,0,0,0,FALSE,TRUE,FALSE,多玛方城战：4人亲友桌（不带食断）,19,112336
651,n4d3,823,1,66,2,75,76,0,0,FALSE,TRUE,FALSE,文明古迹奇坦那神影洞,2,112344
652,n4d6,838,1,67,2,80,80,410,440,FALSE,TRUE,FALSE,末日暗影亚马乌罗提,2,112347
653,,0,0,0,0,0,0,0,0,FALSE,FALSE,FALSE,,0,0
654,,0,0,0,0,0,0,0,0,FALSE,FALSE,FALSE,,0,0
655,n4d7,840,1,68,2,80,80,410,0,FALSE,TRUE,FALSE,异界遗构希尔科斯孪晶塔,2,112348
656,n4d4,836,1,69,2,77,78,0,0,FALSE,TRUE,FALSE,避暑离宫马利卡大井,2,112345
657,n4fa,845,1,20062,3,73,74,0,0,FALSE,TRUE,FALSE,缇坦妮雅歼灭战,4,112358
658,n4fa_2,858,1,20063,3,80,80,430,0,FALSE,FALSE,TRUE,缇坦妮雅歼殛战,4,112359
659,n4d5,822,1,70,2,79,80,0,420,FALSE,TRUE,FALSE,伪造天界格鲁格火山,2,112346
660,,0,0,0,0,0,0,0,0,FALSE,FALSE,FALSE,,0,0
661,n4d8,841,1,71,2,80,80,410,0,FALSE,TRUE,FALSE,创造机构阿尼德罗学院,2,112349
662,e0201,861,5,185,1,0,0,0,395,FALSE,FALSE,FALSE,,0,0
663,e0202,862,5,186,1,0,0,0,409,FALSE,FALSE,FALSE,,0,0
664,e0203,863,5,191,1,0,0,0,412,FALSE,FALSE,FALSE,,0,0
665,e0204,864,5,192,1,0,0,0,415,FALSE,FALSE,FALSE,,0,0
666,n4fb,846,1,20064,3,79,80,0,420,FALSE,TRUE,FALSE,无瑕灵君歼灭战,4,112360
667,n4fb_2,848,1,20065,3,80,80,430,0,FALSE,FALSE,TRUE,无瑕灵君歼殛战,4,112361
668,e0205,865,5,193,1,0,0,0,265,FALSE,FALSE,FALSE,,0,0
669,e0206,866,5,194,1,0,0,0,395,FALSE,FALSE,FALSE,,0,0
670,e0207,867,5,188,1,0,0,0,265,FALSE,FALSE,FALSE,,0,0
671,e0208,868,5,189,1,0,0,0,395,FALSE,FALSE,FALSE,,0,0
672,e0209,869,5,187,1,0,0,0,420,FALSE,FALSE,FALSE,,0,0
673,e0210,870,5,195,1,0,0,0,420,FALSE,FALSE,FALSE,,0,0
674,e0211,871,5,196,1,0,0,0,420,FALSE,FALSE,FALSE,,0,0
675,e0212,872,5,190,1,0,0,0,420,FALSE,FALSE,FALSE,,0,0
676,n4d1,837,1,72,2,71,72,0,0,FALSE,TRUE,FALSE,遇袭集落水滩村,2,112342
677,,0,0,0,0,0,0,0,0,FALSE,FALSE,FALSE,,0,0
678,ec014,873,1,5029,1,0,78,0,0,FALSE,FALSE,FALSE,摇摆的天平,7,0
679,ec015,874,1,5030,1,0,76,0,0,FALSE,FALSE,FALSE,古代大再生魔法,7,0
680,ec013,860,1,5031,1,0,77,0,0,FALSE,FALSE,FALSE,废都拿巴示艾兰,7,0
681,ec012,859,1,5032,1,0,75,0,406,FALSE,FALSE,FALSE,机关、诅咒、剧毒与……,7,0
682,,0,0,0,0,0,0,0,0,FALSE,FALSE,FALSE,,0,0
683,,0,0,0,0,0,0,0,0,FALSE,FALSE,FALSE,,0,0
684,,0,0,0,0,0,0,0,0,FALSE,FALSE,FALSE,,0,0
685,,0,0,0,0,0,0,0,0,FALSE,FALSE,FALSE,,0,0
686,ec017,876,1,5033,1,0,76,0,0,FALSE,FALSE,FALSE,奈贝尔特的后悔,7,0
687,n4fc,847,1,20066,3,80,80,410,0,FALSE,TRUE,FALSE,哈迪斯歼灭战,4,112362
688,,0,0,0,0,0,0,0,0,FALSE,FALSE,FALSE,,0,0
689,,0,0,0,0,0,0,0,0,FALSE,FALSE,FALSE,,0,0
690,,0,0,0,0,0,0,0,0,FALSE,FALSE,FALSE,,0,0
691,ec016,875,1,5034,1,0,76,0,0,FALSE,FALSE,FALSE,勇敢的猎人,7,0
